Trentington,Blackrock,Bloodlust,Shaman,Orc,0,90,8955,blackrock/110/117443950-avatar.jpg,AwesomeGamingExperience,negative bro
Pappyflap,Blackrock,Bloodlust,Priest,Forsaken,0,90,6710,blackrock/87/106194263-avatar.jpg,Happy Friday,negative bro
Dijuridu,Blackrock,Bloodlust,Druid,Tauren,0,90,8620,blackrock/120/70919800-avatar.jpg,AwesomeGamingExperience,negative bro
Sanchezzmvp,Kil'jaeden,Bloodlust,Warrior,Orc,0,90,9015,kiljaeden/150/116259478-avatar.jpg,Requiem,GOIN HAM
Stauss,Kil'jaeden,Bloodlust,Shaman,Orc,0,90,7620,kiljaeden/156/116259484-avatar.jpg,Requiem,GOIN HAM
Voopalol,Kil'jaeden,Bloodlust,Mage,Forsaken,0,90,5600,kiljaeden/70/122341702-avatar.jpg,Requiem,GOIN HAM
Redrosid,Tichondrius,Bloodlust,Paladin,Human,0,90,9760,tichondrius/114/98677362-avatar.jpg,Nurfed,dyslexic sreggin
Azurewrath,Tichondrius,Bloodlust,Mage,Human,0,90,8110,tichondrius/87/96415831-avatar.jpg,Nurfed,dyslexic sreggin
Elaglo,Tichondrius,Bloodlust,Warrior,Human,1,90,9500,tichondrius/236/98033388-avatar.jpg,Nurfed,dyslexic sreggin
Lockxxsuperx,Tichondrius,Bloodlust,Warlock,Human,0,90,8110,tichondrius/68/97251140-avatar.jpg,Nurfed,dyslexic sreggin
Bugman,Barthilas,Bloodlust,Warrior,Forsaken,0,90,10725,barthilas/135/107265671-avatar.jpg,null,DOWANT
Milkpaladin,Barthilas,Bloodlust,Paladin,Blood Elf,1,90,7505,barthilas/84/96401748-avatar.jpg,Devil,DOWANT
Vagrantz,Barthilas,Bloodlust,Hunter,Orc,1,90,9170,barthilas/35/83637795-avatar.jpg,Ascension,DOWANT
Willowylol,Barthilas,Bloodlust,Warrior,Forsaken,0,90,5840,barthilas/242/122468594-avatar.jpg,Brothers,DOWANT
Ashlol,Barthilas,Bloodlust,Death Knight,Blood Elf,1,90,5675,barthilas/211/105987027-avatar.jpg,M I C,DOWANT
Vbloodthirs,Barthilas,Bloodlust,Druid,Tauren,0,90,10575,barthilas/199/65976007-avatar.jpg,H O M E,DOWANT
Maudz,Tichondrius,Bloodlust,Priest,Worgen,1,90,6380,tichondrius/18/122050834-avatar.jpg,R B G,too dirty
Indust,Tichondrius,Bloodlust,Shaman,Dwarf,0,90,8400,tichondrius/142/100832398-avatar.jpg,Digital Religion,Cap Hook Aint Got Shiit
Otorixox,Caelestrasz,Bloodlust,Warrior,Forsaken,0,90,11355,caelestrasz/189/112304573-avatar.jpg,Crimson,I ATE SOME PIE
Skys,Caelestrasz,Bloodlust,Shaman,Tauren,1,90,7995,caelestrasz/197/111457477-avatar.jpg,Crimson,I ATE SOME PIE
Crenk,Caelestrasz,Bloodlust,Mage,Forsaken,0,90,13940,caelestrasz/23/40042775-avatar.jpg,Crimson,I ATE SOME PIE
Kwh,Caelestrasz,Bloodlust,Paladin,Blood Elf,1,90,8105,caelestrasz/79/107018319-avatar.jpg,Crimson,I ATE SOME PIE
Funkydad,Blackrock,Bloodlust,Druid,Troll,0,90,4470,blackrock/121/109083513-avatar.jpg,F N A,asdasg
Motivating,Blackrock,Bloodlust,Warrior,Orc,0,90,7320,blackrock/97/107656289-avatar.jpg,GO GO NERDRAGE,asdasg
Wheremykeys,Blackrock,Bloodlust,Hunter,Orc,0,90,7600,blackrock/66/118824002-avatar.jpg,murloc for president,asdasg
G√°tes,Blackrock,Bloodlust,Priest,Forsaken,0,90,5815,blackrock/58/122531130-avatar.jpg,Omg im Proccing,asdasg
Kapu,Sen'jin,Bloodlust,Hunter,Tauren,0,90,7750,senjin/173/89703853-avatar.jpg,Project Hope,postpwnd
Malthael,Sen'jin,Bloodlust,Warrior,Orc,0,90,8415,senjin/168/64554408-avatar.jpg,Project Hope,postpwnd
Bumbye,Sen'jin,Bloodlust,Druid,Tauren,0,90,6480,senjin/220/106627548-avatar.jpg,Patron,postpwnd
Ujee,Sen'jin,Bloodlust,Paladin,Blood Elf,1,90,4965,senjin/22/84131350-avatar.jpg,Patron,postpwnd
Poki,Sen'jin,Bloodlust,Priest,Forsaken,0,85,8405,senjin/217/42519513-avatar.jpg,Project Hope,postpwnd
Busterbone,Sen'jin,Bloodlust,Shaman,Tauren,0,85,5980,senjin/180/3592116-avatar.jpg,Project Hope,postpwnd
Imagination,Tichondrius,Bloodlust,Druid,Night Elf,1,90,7440,tichondrius/168/35112616-avatar.jpg,Insomnia,PvE is Hard
Kvz,Tichondrius,Bloodlust,Mage,Human,1,90,9900,tichondrius/45/93845293-avatar.jpg,Insomnia,PvE is Hard
Prosuzz,Tichondrius,Bloodlust,Rogue,Human,1,90,8705,tichondrius/177/121791409-avatar.jpg,Insomnia,PvE is Hard
Xarile,Tichondrius,Bloodlust,Paladin,Human,1,90,6210,tichondrius/237/121817325-avatar.jpg,Insomnia,PvE is Hard
Igoaf,Tichondrius,Bloodlust,Warrior,Human,1,90,6790,tichondrius/79/121274703-avatar.jpg,Nurfed,PvE is Hard
Dudzlol,Tichondrius,Bloodlust,Paladin,Human,0,90,4535,tichondrius/98/122165858-avatar.jpg,Nurfed,PvE is Hard
Imabeastson,Darkspear,Cyclone,Paladin,Human,1,90,7205,darkspear/236/78612716-avatar.jpg,K√Æll Sw√Ætch,Mech Goes to Whitecastl
M√©ch,Darkspear,Cyclone,Warrior,Human,1,90,5380,darkspear/90/78676570-avatar.jpg,K√Æll Sw√Ætch,Mech Goes to Whitecastl
Trapthatass,Darkspear,Cyclone,Hunter,Human,0,90,8360,darkspear/24/79294488-avatar.jpg,K√Æll Sw√Ætch,Mech Goes to Whitecastl
Flatulentelf,Darkspear,Cyclone,Shaman,Dwarf,0,90,10150,darkspear/146/75809426-avatar.jpg,null,Dont train our priest
Alexio,Crushridge,Cyclone,Paladin,Human,0,90,15040,crushridge/184/67028408-avatar.jpg,No Chicks Allowed,starcraft was too hard
Trowstun,Crushridge,Cyclone,Warrior,Human,0,85,6530,crushridge/121/69318777-avatar.jpg,null,starcraft was too hard
Scarez,Bloodscalp,Cyclone,Hunter,Night Elf,0,90,3455,bloodscalp/93/75500637-avatar.jpg,Revelation,Ultimate Burst
Al√≠zee,Bloodscalp,Cyclone,Paladin,Human,1,90,12425,bloodscalp/120/72585592-avatar.jpg,Revelation,Ultimate Burst
Bowmin,Bloodscalp,Cyclone,Hunter,Human,0,90,9660,bloodscalp/13/72461581-avatar.jpg,Convict√¨on,Ultimate Burst
Grimnic,Bloodscalp,Cyclone,Warlock,Worgen,0,90,8615,bloodscalp/241/72541681-avatar.jpg,Iron Marines,Ultimate Burst
Lonekiller,Bloodscalp,Cyclone,Rogue,Worgen,1,90,7725,bloodscalp/48/69299760-avatar.jpg,Kryptic,Ultimate Burst
Tearon,Crushridge,Cyclone,Warrior,Human,0,90,11145,crushridge/200/34637512-avatar.jpg,Verr√ºckt,TalkSlowlyGuys
Bamboozer,Crushridge,Cyclone,Monk,Pandaren,0,90,8645,crushridge/20/79819028-avatar.jpg,Verr√ºckt,TalkSlowlyGuys
Narsofer,Crushridge,Cyclone,Hunter,Human,0,90,7065,crushridge/161/24894881-avatar.jpg,√?ark Moon Templars,TalkSlowlyGuys
Omniipotent,Crushridge,Cyclone,Hunter,Worgen,0,90,10285,crushridge/30/64837918-avatar.jpg,Sleep Is For The Weak,TalkSlowlyGuys
Skeetcyco,Crushridge,Cyclone,Warrior,Human,1,90,8780,crushridge/226/72253410-avatar.jpg,Out Cold,Worked once
Awarelol,Crushridge,Cyclone,Mage,Human,1,90,6010,crushridge/216/75942360-avatar.jpg,Surfs Up,Worked once
Dropkicked,Crushridge,Cyclone,Paladin,Human,1,90,7175,crushridge/74/76295754-avatar.jpg,Out Cold,Worked once
Veg√¢,Darkspear,Cyclone,Monk,Human,0,90,7470,darkspear/217/79829465-avatar.jpg,Rupture,scorch scorch boom
Tppk,Darkspear,Cyclone,Mage,Human,1,90,6435,darkspear/240/72983536-avatar.jpg,Bajheeras Army,scorch scorch boom
Brownfur,Darkspear,Cyclone,Druid,Night Elf,0,90,4995,darkspear/122/75556730-avatar.jpg,Bajheeras Army,scorch scorch boom
Bloodypa√Øn,Darkspear,Cyclone,Hunter,Human,0,90,2775,darkspear/112/69336432-avatar.jpg,Vigilance,no dic√©
Blessednas,Darkspear,Cyclone,Paladin,Dwarf,0,90,7900,darkspear/109/72345965-avatar.jpg,Seven Zero,no dic√©
Garnz,Darkspear,Cyclone,Druid,Night Elf,1,90,3555,darkspear/86/69288790-avatar.jpg,Midnight Reveries,no dic√©
N√∏tion,Darkspear,Cyclone,Rogue,Human,0,90,6930,darkspear/36/79656228-avatar.jpg,NuB,no dic√©
Supremeqt,Darkspear,Cyclone,Paladin,Human,1,90,5305,darkspear/196/73102532-avatar.jpg,Moxie,no dic√©
Grrkthekilla,Stormscale,Cyclone,Warrior,Human,0,90,9745,stormscale/18/61394194-avatar.jpg,ShadowRiders,all dey
Bonorith,Stormscale,Cyclone,Paladin,Dwarf,0,90,4565,stormscale/254/10774014-avatar.jpg,ShadowRiders,all dey
Kaptinkush,Stormscale,Cyclone,Mage,Gnome,0,90,8030,stormscale/244/38300148-avatar.jpg,ShadowRiders,all dey
Dreadfang,Stormscale,Cyclone,Rogue,Night Elf,0,90,10355,stormscale/193/63261633-avatar.jpg,ShadowRiders,all dey
Wigz,Darkspear,Cyclone,Warrior,Orc,0,90,8935,darkspear/162/77776802-avatar.jpg,The Crimson Tide,probably drunk
Trag√Øc,Darkspear,Cyclone,Hunter,Orc,0,90,7925,darkspear/240/75411440-avatar.jpg,The Crimson Tide,probably drunk
Yossar√≠an,Darkspear,Cyclone,Paladin,Blood Elf,0,90,9045,darkspear/144/67830416-avatar.jpg,The Crimson Tide,probably drunk
Scott,Hydraxis,Emberstorm,Priest,Forsaken,1,90,8955,hydraxis/202/83978698-avatar.jpg,Socially Inept,MFP
Diggitydan,Hydraxis,Emberstorm,Shaman,Orc,0,90,4555,hydraxis/148/90940820-avatar.jpg,Socially Inept,MFP
Al√©c,Hydraxis,Emberstorm,Mage,Forsaken,0,90,9185,hydraxis/57/81902649-avatar.jpg,Socially Inept,MFP
Almace,Quel'dorei,Emberstorm,Mage,Troll,1,90,3515,queldorei/115/88812147-avatar.jpg,The Prophecy,train priest plz
Braum,Quel'dorei,Emberstorm,Shaman,Orc,0,90,7630,queldorei/40/83567656-avatar.jpg,The Genyu force,train priest plz
Sacrarium,Quel'dorei,Emberstorm,Priest,Forsaken,0,90,3270,queldorei/148/87792020-avatar.jpg,The Prophecy,train priest plz
Powercell,Cairne,Emberstorm,Paladin,Human,0,90,11940,cairne/141/87566989-avatar.jpg,Emperors Fist,STOPZ
Bovan,Cairne,Emberstorm,Paladin,Dwarf,0,90,9360,cairne/23/20027671-avatar.jpg,Final Resistance,STOPZ
Merudinn,Cairne,Emberstorm,Death Knight,Human,0,90,4705,cairne/15/66720015-avatar.jpg,Final Resistance,STOPZ
Foils,Hydraxis,Emberstorm,Shaman,Troll,0,90,7115,hydraxis/184/89900984-avatar.jpg,Naked IRL,funstuff
Frostyswag,Hydraxis,Emberstorm,Death Knight,Blood Elf,0,90,9570,hydraxis/83/75147347-avatar.jpg,Euphoria,funstuff
Jogan,Hydraxis,Emberstorm,Warrior,Orc,1,90,6700,hydraxis/191/89901759-avatar.jpg,Naked IRL,funstuff
Weedflakes,Hydraxis,Emberstorm,Mage,Blood Elf,0,90,6410,hydraxis/21/89875733-avatar.jpg,Naked IRL,funstuff
Cumbustu,Moon Guard,Emberstorm,Mage,Blood Elf,0,90,8415,moon-guard/229/89625573-avatar.jpg,Warforged,wmp
Cyrath,Moon Guard,Emberstorm,Druid,Tauren,0,90,12795,moon-guard/133/17852293-avatar.jpg,Warforged,wmp
Ralgore,Moon Guard,Emberstorm,Warrior,Orc,0,90,11695,moon-guard/86/9185878-avatar.jpg,Warforged,wmp
Hotsawce,Nesingwary,Emberstorm,Warrior,Human,0,90,11275,nesingwary/27/91297563-avatar.jpg,Autobots,Awtoebawtz
Beesus,Nesingwary,Emberstorm,Priest,Human,0,90,10670,nesingwary/167/68630695-avatar.jpg,Autobots,Awtoebawtz
Starskybreh,Nesingwary,Emberstorm,Hunter,Human,1,90,5615,nesingwary/203/86329803-avatar.jpg,Autobots,Awtoebawtz
Otj,Nazgrel,Emberstorm,Priest,Night Elf,1,90,7270,nazgrel/75/69413195-avatar.jpg,You Mirin,Off Dat Johnson
Pointsvendub,Nazgrel,Emberstorm,Mage,Gnome,1,90,7060,nazgrel/163/78200995-avatar.jpg,You Mirin,Off Dat Johnson
Brohani,Nazgrel,Emberstorm,Druid,Night Elf,0,90,6640,nazgrel/205/73981901-avatar.jpg,You Mirin,Off Dat Johnson
Spreewell,Nordrassil,Emberstorm,Hunter,Human,0,90,5400,nordrassil/200/89263560-avatar.jpg,S a l v √§ t i o n,All U Can Eat KFC
J√®sada,Nordrassil,Emberstorm,Warrior,Human,1,90,6475,nordrassil/133/14391685-avatar.jpg,S a l v √§ t i o n,All U Can Eat KFC
Brayker,Nordrassil,Emberstorm,Priest,Human,0,90,7240,nordrassil/80/90367568-avatar.jpg,S a l v √§ t i o n,All U Can Eat KFC
Jesada,Nordrassil,Emberstorm,Rogue,Human,1,86,6465,nordrassil/11/89442315-avatar.jpg,S a l v √§ t i o n,All U Can Eat KFC
Dev√´state,Shandris,Emberstorm,Mage,Human,1,90,6605,shandris/196/46111940-avatar.jpg,The Union of the Defiant,Thirdworld countrys own
Adius,Shandris,Emberstorm,Priest,Human,0,90,6050,shandris/24/4103960-avatar.jpg,The Union of the Defiant,Thirdworld countrys own
Laurium,Shandris,Emberstorm,Druid,Night Elf,1,90,7460,shandris/145/81591953-avatar.jpg,The Union of the Defiant,Thirdworld countrys own
Jedes,Hydraxis,Emberstorm,Paladin,Human,0,90,5885,hydraxis/46/12113454-avatar.jpg,√áorrupt,armpitlickingscrubnoob
√áontagious,Hydraxis,Emberstorm,Death Knight,Human,1,90,4805,hydraxis/240/84712688-avatar.jpg,√áorrupt,armpitlickingscrubnoob
Uth√°d,Hydraxis,Emberstorm,Paladin,Human,0,90,10660,hydraxis/35/85522467-avatar.jpg,Hypnotic,armpitlickingscrubnoob
Rng,Hydraxis,Emberstorm,Druid,Night Elf,0,90,8865,hydraxis/125/62863485-avatar.jpg,Big plays,armpitlickingscrubnoob
Aeso,Hydraxis,Emberstorm,Hunter,Night Elf,1,90,5270,hydraxis/40/45183016-avatar.jpg,√áorrupt,armpitlickingscrubnoob
Aryias,Deathwing,Nightfall,Shaman,Orc,1,90,9410,deathwing/56/108793400-avatar.jpg,BERSERKER,spicy dancing
Nothuntard,Deathwing,Nightfall,Hunter,Troll,0,90,6810,deathwing/201/98873801-avatar.jpg,Quit Your Job,spicy dancing
Skitzofranik,Arygos,Nightfall,Hunter,Human,1,90,12845,arygos/84/127532372-avatar.jpg,Ambivalence,AZ FOREST FIRE CLEAVE
Kyric,Arygos,Nightfall,Druid,Worgen,1,90,10480,arygos/111/125375599-avatar.jpg,Ambivalence,AZ FOREST FIRE CLEAVE
Dhamon,Arygos,Nightfall,Warrior,Human,0,90,12585,arygos/58/127202874-avatar.jpg,Ambivalence,AZ FOREST FIRE CLEAVE
Grimmers,Arygos,Nightfall,Warrior,Human,1,90,11725,arygos/72/7125832-avatar.jpg,Purple Names,AZ FOREST FIRE CLEAVE
Bottles,Arygos,Nightfall,Mage,Human,0,90,17525,arygos/29/7331357-avatar.jpg,Ambivalence,AZ FOREST FIRE CLEAVE
Karynn,Arygos,Nightfall,Priest,Human,1,90,15850,arygos/206/110236878-avatar.jpg,Ambivalence,AZ FOREST FIRE CLEAVE
Branyo,Demon Soul,Nightfall,Warlock,Human,1,90,6615,demon-soul/27/134428187-avatar.jpg,Business Class,Trip Deeps
Ringoso,Demon Soul,Nightfall,Shaman,Dwarf,1,90,6480,demon-soul/125/134436477-avatar.jpg,Business Class,Trip Deeps
Badnit,Demon Soul,Nightfall,Druid,Night Elf,1,90,2175,demon-soul/176/136103856-avatar.jpg,Business Class,Trip Deeps
Fingercuffs,Kel'Thuzad,Nightfall,Priest,Human,1,90,10375,kelthuzad/137/130858121-avatar.jpg,The Grand Jam,Chiggin Sangwidge
Ralphies,Kel'Thuzad,Nightfall,Druid,Night Elf,1,90,9100,kelthuzad/193/132178369-avatar.jpg,The Grand Jam,Chiggin Sangwidge
Meatcube,Kel'Thuzad,Nightfall,Mage,Human,1,90,8375,kelthuzad/115/131201907-avatar.jpg,The Grand Jam,Chiggin Sangwidge
Hungerpangs,Kel'Thuzad,Nightfall,Death Knight,Human,1,90,10940,kelthuzad/41/134477865-avatar.jpg,The Grand Jam,Chiggin Sangwidge
Ralphieo,Kel'Thuzad,Nightfall,Paladin,Human,1,90,9100,kelthuzad/193/131524289-avatar.jpg,The Grand Jam,Chiggin Sangwidge
Warriorsauce,Deathwing,Nightfall,Warrior,Orc,0,90,13325,deathwing/107/57768043-avatar.jpg,Last Laugh,Beccas Love Rocket
Requital,Deathwing,Nightfall,Paladin,Blood Elf,0,90,10355,deathwing/51/125496371-avatar.jpg,Carry the Day,Beccas Love Rocket
Omerta,Deathwing,Nightfall,Hunter,Orc,0,90,5790,deathwing/179/115808947-avatar.jpg,Whiskerbiscuit,Beccas Love Rocket
Nolan,Deathwing,Nightfall,Druid,Tauren,1,90,5855,deathwing/141/134271117-avatar.jpg,null,Beccas Love Rocket
Imnotbsd,Deathwing,Nightfall,Shaman,Pandaren,1,90,5095,deathwing/21/132687125-avatar.jpg,Hi Five,Beccas Love Rocket
Blaklavnder,Deathwing,Nightfall,Druid,Tauren,0,90,5885,deathwing/47/135101231-avatar.jpg,Cant Resist,Beccas Love Rocket
Rhastaz,Kel'Thuzad,Nightfall,Shaman,Draenei,1,90,6235,kelthuzad/97/134510945-avatar.jpg,Skill Capped East,HASHTAG SWAG YOLO
Turnstylez,Kel'Thuzad,Nightfall,Rogue,Human,1,90,7405,kelthuzad/7/132246023-avatar.jpg,Skill Capped East,HASHTAG SWAG YOLO
Maedhros,Deathwing,Nightfall,Mage,Night Elf,0,90,8115,deathwing/151/205207-avatar.jpg,Inertia,Ashely the best
Euphoris,Deathwing,Nightfall,Priest,Human,1,90,9545,deathwing/17/317713-avatar.jpg,Inertia,Ashely the best
Eley,Deathwing,Nightfall,Shaman,Draenei,1,90,12420,deathwing/215/59827415-avatar.jpg,Inertia,Ashely the best
Dalara,Deathwing,Nightfall,Warlock,Human,1,90,12420,deathwing/26/251162-avatar.jpg,Inertia,Ashely the best
Priv,Doomhammer,Nightfall,Paladin,Human,0,90,9655,doomhammer/36/129291556-avatar.jpg,Exiled Legion,PvE rotations
Duneylune,Doomhammer,Nightfall,Shaman,Pandaren,0,90,9290,doomhammer/196/133482180-avatar.jpg,Exiled Legion,PvE rotations
Grievous,Doomhammer,Nightfall,Priest,Pandaren,0,90,12030,doomhammer/132/134369668-avatar.jpg,Exiled Legion,PvE rotations
Yagachu,Doomhammer,Nightfall,Priest,Pandaren,1,90,14740,doomhammer/177/129216177-avatar.jpg,Exiled Legion,PvE rotations
Cateran,Kel'Thuzad,Nightfall,Warrior,Human,0,90,10300,kelthuzad/90/133111386-avatar.jpg,Dara Mact√¨re,Cant Get Enough
C√øph√®r,Kel'Thuzad,Nightfall,Warlock,Human,0,90,6000,kelthuzad/231/132652007-avatar.jpg,Dara Mact√¨re,Cant Get Enough
Pallak,Kel'Thuzad,Nightfall,Monk,Pandaren,0,90,6410,kelthuzad/231/135194087-avatar.jpg,Dara Mact√¨re,Cant Get Enough
Yaface,Blackwing Lair,Nightfall,Priest,Troll,0,90,6245,blackwing-lair/164/126840484-avatar.jpg,√á√°t√°l√øst,Love Cleave
Enodia,Blackwing Lair,Nightfall,Hunter,Blood Elf,1,90,4010,blackwing-lair/62/127294270-avatar.jpg,√á√°t√°l√øst,Love Cleave
Conversed,Blackwing Lair,Nightfall,Druid,Tauren,0,90,5270,blackwing-lair/18/129466642-avatar.jpg,√á√°t√°l√øst,Love Cleave
Meowmiz,Blackwing Lair,Nightfall,Paladin,Blood Elf,0,90,11245,blackwing-lair/223/106990815-avatar.jpg,Innocent Bystanders,Love Cleave
Vielnard,Blackwing Lair,Nightfall,Paladin,Blood Elf,0,85,6580,blackwing-lair/110/127442286-avatar.jpg,Evil Cookies,Love Cleave
Hypertron,Blackwing Lair,Nightfall,Death Knight,Orc,0,85,4010,blackwing-lair/245/127630069-avatar.jpg,√á√°t√°l√øst,Love Cleave
Yohoz,Destromath,Rampage,Priest,Forsaken,1,90,14860,destromath/172/96666796-avatar.jpg,Coalition,Carried by D Glad
Bootyshorts,Destromath,Rampage,Paladin,Blood Elf,1,90,16870,destromath/173/95184557-avatar.jpg,Coalition,Carried by D Glad
Mapz,Destromath,Rampage,Mage,Forsaken,1,90,17105,destromath/174/98003630-avatar.jpg,Coalition,Carried by D Glad
Beastinsham,Spinebreaker,Rampage,Shaman,Tauren,0,90,4320,spinebreaker/126/95363966-avatar.jpg,Xrated,marmalader
Rageling,Spinebreaker,Rampage,Hunter,Orc,0,90,6145,spinebreaker/88/88222296-avatar.jpg,Xrated,marmalader
Zanzer,Spinebreaker,Rampage,Warrior,Orc,1,90,9915,spinebreaker/37/88238629-avatar.jpg,Xrated,marmalader
Artamir,Spinebreaker,Rampage,Paladin,Blood Elf,0,90,14225,spinebreaker/122/47699066-avatar.jpg,Xrated,marmalader
Semperf√¨,Illidan,Rampage,Warrior,Orc,0,90,12585,illidan/152/68771224-avatar.jpg,Semper Fidelis,monkeymonkey
Minicoco,Illidan,Rampage,Druid,Tauren,1,90,10525,illidan/179/82304691-avatar.jpg,Semper Fidelis,monkeymonkey
Cheeseandegg,Illidan,Rampage,Shaman,Goblin,0,90,5995,illidan/6/87883270-avatar.jpg,Tiffany Alvord Forever,Tiffany Alvord
Cupcakeslol,Illidan,Rampage,Hunter,Goblin,0,90,3250,illidan/234/93184490-avatar.jpg,Tiffany Alvord Forever,Tiffany Alvord
Rektharr,Illidan,Rampage,Warrior,Orc,0,90,4970,illidan/0/91740672-avatar.jpg,Tiffany Alvord Forever,Tiffany Alvord
Traijan,Illidan,Rampage,Paladin,Blood Elf,0,90,7095,illidan/37/96269093-avatar.jpg,Tiffany Alvord Forever,Tiffany Alvord
Neofalken,Destromath,Rampage,Paladin,Human,0,90,10790,destromath/128/95677056-avatar.jpg,Ill Sound The Alarm Ill,Tenacious Three
Andrewdaemon,Destromath,Rampage,Paladin,Human,0,90,9290,destromath/213/95677141-avatar.jpg,Ill Sound The Alarm Ill,Tenacious Three
Dr√†g,Destromath,Rampage,Warrior,Human,0,90,7620,destromath/67/86477123-avatar.jpg,Ill Sound The Alarm Ill,Tenacious Three
Ianek,Goldrinn,Rampage,Shaman,Draenei,0,90,9890,goldrinn/208/89344464-avatar.jpg,Extremus Vis,Oh Snap
Mineradora,Goldrinn,Rampage,Warrior,Human,1,90,8520,goldrinn/149/89365141-avatar.jpg,Extremus Vis,Oh Snap
Vickk,Goldrinn,Rampage,Paladin,Human,1,90,6565,goldrinn/124/89383292-avatar.jpg,Extremus Vis,Oh Snap
Nuttcase,Goldrinn,Rampage,Warlock,Human,0,90,6555,goldrinn/120/93357432-avatar.jpg,Extremus Vis,Oh Snap
Evangelakis,Stormreaver,Rampage,Priest,Blood Elf,1,90,6075,stormreaver/246/90585078-avatar.jpg,Accession,POWER RANGERS
Uschy,Stormreaver,Rampage,Monk,Forsaken,0,90,7180,stormreaver/208/98217936-avatar.jpg,Squats and Oats,POWER RANGERS
Shifthapnz,Stormreaver,Rampage,Druid,Tauren,0,90,11640,stormreaver/126/80912510-avatar.jpg,Hostile Take Over,POWER RANGERS
Jyskal,Stormreaver,Rampage,Mage,Forsaken,0,90,7520,stormreaver/124/83913340-avatar.jpg,Feel Good Inc,POWER RANGERS
Hespe,Nemesis,Rampage,Paladin,Blood Elf,0,90,6600,nemesis/226/90895586-avatar.jpg,Unlimited,vamoquevamodenovo
Lilium,Nemesis,Rampage,Warrior,Blood Elf,1,90,5190,nemesis/187/95217339-avatar.jpg,Unlimited,vamoquevamodenovo
Gonnar,Nemesis,Rampage,Hunter,Orc,0,90,8245,nemesis/173/89649581-avatar.jpg,Unlimited,vamoquevamodenovo
Kick,Nemesis,Rampage,Death Knight,Blood Elf,1,90,12180,nemesis/48/90897712-avatar.jpg,Unlimited,vamoquevamodenovo
Lolburkek,Garona,Rampage,Death Knight,Human,1,90,5310,garona/20/83539220-avatar.jpg,The Empire,ROLL THE DICE FGTS
Lazhez,Garona,Rampage,Shaman,Draenei,1,90,6610,garona/40/95382824-avatar.jpg,The Empire,ROLL THE DICE FGTS
Mirriban,Garona,Rampage,Warrior,Human,0,90,8540,garona/19/86940947-avatar.jpg,Conquest,ROLL THE DICE FGTS
Goldlight,Garona,Rampage,Paladin,Human,0,90,7210,garona/2/2171138-avatar.jpg,ChaosEffect,ROLL THE DICE FGTS
Dizaster,Garona,Rampage,Hunter,Night Elf,0,90,5925,garona/239/46166255-avatar.jpg,The Empire,ROLL THE DICE FGTS
Miri√£,Illidan,Rampage,Warrior,Blood Elf,1,90,4495,illidan/14/98640398-avatar.jpg,Panic,diggas be nippin
Sk√≠llet,Illidan,Rampage,Death Knight,Blood Elf,0,90,2820,illidan/44/95716652-avatar.jpg,Enrage,diggas be nippin
Flummox,Illidan,Rampage,Druid,Tauren,0,90,6820,illidan/228/86789860-avatar.jpg,K Bec Koi,diggas be nippin
Selenagomezz,Dragonmaw,Reckoning,Druid,Tauren,1,90,7740,dragonmaw/41/70203945-avatar.jpg,Old Generations,OLD GENE FINEST
Badnoob,Smolderthorn,Reckoning,Paladin,Human,1,90,6140,smolderthorn/137/81265033-avatar.jpg,Syntax,Peenies
Akius,Smolderthorn,Reckoning,Shaman,Draenei,0,90,9875,smolderthorn/76/11618380-avatar.jpg,Syntax,Peenies
Benerd,Smolderthorn,Reckoning,Priest,Human,0,90,7055,smolderthorn/46/3415342-avatar.jpg,Syntax,Peenies
J√≠p,Windrunner,Reckoning,Druid,Night Elf,0,90,9535,windrunner/154/54515354-avatar.jpg,The Super Exclusive Club,Beaches in the kitchen
Chacheftw,Windrunner,Reckoning,Warrior,Human,1,90,5155,windrunner/92/84151132-avatar.jpg,The Super Exclusive Club,Beaches in the kitchen
Qtease,Windrunner,Reckoning,Hunter,Human,1,90,8865,windrunner/134/65820294-avatar.jpg,The Super Exclusive Club,Beaches in the kitchen
Amorypaz,Terenas,Reckoning,Paladin,Human,0,90,10045,terenas/108/82029932-avatar.jpg,Opera non Verba,We will try our best
Strafed,Terenas,Reckoning,Hunter,Human,1,90,6920,terenas/125/82030205-avatar.jpg,Opera non Verba,We will try our best
Feracks,Terenas,Reckoning,Rogue,Human,1,90,7065,terenas/61/81756733-avatar.jpg,If I died it was lag,We will try our best
Judgemathis,Terenas,Reckoning,Paladin,Human,1,90,6795,terenas/46/82296622-avatar.jpg,Opera non Verba,We will try our best
Vicaris,Terenas,Reckoning,Warrior,Gnome,0,90,9645,terenas/155/64723867-avatar.jpg,Opera non Verba,We will try our best
Lehy,Frostmane,Reckoning,Warrior,Human,1,90,4485,frostmane/44/80809004-avatar.jpg,Crims√∞n Rain,naryleh
Lemoa,Frostmane,Reckoning,Warrior,Human,1,90,6005,frostmane/213/84748757-avatar.jpg,Crims√∞n Rain,naryleh
Imadodis,Frostmane,Reckoning,Paladin,Human,1,90,6695,frostmane/244/81403380-avatar.jpg,Crims√∞n Rain,naryleh
Humsuplow,Frostmane,Reckoning,Mage,Human,0,90,6315,frostmane/243/84776435-avatar.jpg,Crims√∞n Rain,naryleh
Naret,Frostmane,Reckoning,Priest,Human,1,90,6255,frostmane/71/74471495-avatar.jpg,Crims√∞n Rain,naryleh
Myth√´,Bonechewer,Reckoning,Hunter,Goblin,0,90,12865,bonechewer/234/53490154-avatar.jpg,Order of Wudan,look at the feather
Toccar,Bonechewer,Reckoning,Rogue,Orc,0,90,13170,bonechewer/244/53510644-avatar.jpg,Order of Wudan,look at the feather
Doolby,Bonechewer,Reckoning,Hunter,Blood Elf,0,90,9225,bonechewer/2/53877250-avatar.jpg,Order of Wudan,look at the feather
Facer√∂lla,Bonechewer,Reckoning,Paladin,Tauren,0,90,10470,bonechewer/147/82445459-avatar.jpg,Order of Wudan,look at the feather
Thehotlock,Bonechewer,Reckoning,Warlock,Forsaken,1,85,7910,bonechewer/47/76440367-avatar.jpg,Order of Wudan,look at the feather
Thehotrogue,Bonechewer,Reckoning,Rogue,Troll,1,85,7910,bonechewer/179/63571379-avatar.jpg,Order of Wudan,look at the feather
Panderp,Shadow Council,Reckoning,Shaman,Pandaren,1,90,7270,shadow-council/88/80138328-avatar.jpg,Shattered Dominion,brettlovesblake
Goldiilox,Shadow Council,Reckoning,Warrior,Human,0,90,5525,shadow-council/153/84678297-avatar.jpg,Shattered Dominion,brettlovesblake
Raked,Shadow Council,Reckoning,Druid,Night Elf,0,90,6745,shadow-council/84/84730196-avatar.jpg,Shattered Dominion,brettlovesblake
Brule,Spirestone,Reckoning,Shaman,Dwarf,0,90,7165,spirestone/201/82100937-avatar.jpg,Addiction,Trade Chat Team
Iyu,Spirestone,Reckoning,Warrior,Human,0,90,7690,spirestone/133/83084165-avatar.jpg,Addiction,Trade Chat Team
Amby,Spirestone,Reckoning,Hunter,Night Elf,1,90,13040,spirestone/35/3859235-avatar.jpg,Addiction,Trade Chat Team
Dotpheme,Spirestone,Reckoning,Warlock,Gnome,1,85,5860,spirestone/45/3888941-avatar.jpg,Addiction,Trade Chat Team
Phoqlol,Spirestone,Reckoning,Druid,Tauren,0,90,8245,spirestone/27/74162203-avatar.jpg,DIAMONDS N MY PINKY RANG,Show me potato salad
Azusachan,Spirestone,Reckoning,Mage,Blood Elf,1,90,5515,spirestone/191/66283455-avatar.jpg,DIAMONDS N MY PINKY RANG,Show me potato salad
Wafflecup,Spirestone,Reckoning,Warrior,Orc,0,90,5990,spirestone/248/66834680-avatar.jpg,DIAMONDS N MY PINKY RANG,Show me potato salad
Hotblack,Dragonmaw,Reckoning,Mage,Troll,0,90,6480,dragonmaw/206/76579790-avatar.jpg,Obfuscation,Death and Taxes
Thulcandra,Dragonmaw,Reckoning,Druid,Tauren,0,90,7530,dragonmaw/160/76707744-avatar.jpg,Ap√•thy,Death and Taxes
Waarriioor,Dragonmaw,Reckoning,Warrior,Orc,0,90,5465,dragonmaw/45/68864557-avatar.jpg,Ap√•thy,Death and Taxes
Dribbles,Dragonmaw,Reckoning,Shaman,Goblin,0,90,5315,dragonmaw/76/82952268-avatar.jpg,Ap√•thy,Death and Taxes
Lyre,Dragonmaw,Reckoning,Warlock,Forsaken,1,90,5400,dragonmaw/184/78675384-avatar.jpg,Ap√•thy,Death and Taxes
Drakonic,Dragonmaw,Reckoning,Mage,Blood Elf,0,90,3830,dragonmaw/127/78599295-avatar.jpg,Virtual Dragon Slayers,Death and Taxes
Garrnn,The Scryers,Retaliation,Druid,Tauren,1,90,5875,the-scryers/198/73661126-avatar.jpg,Promade,THE RETURN
Joefro,The Scryers,Retaliation,Priest,Forsaken,0,90,7955,the-scryers/133/61340037-avatar.jpg,Promade,THE RETURN
Rhaechi,The Scryers,Retaliation,Monk,Blood Elf,1,90,9445,the-scryers/26/83730714-avatar.jpg,Promade,THE RETURN
Dusc,The Scryers,Retaliation,Paladin,Blood Elf,1,90,10625,the-scryers/201/80564169-avatar.jpg,Promade,THE RETURN
Lavab√∫rst,Terokkar,Retaliation,Shaman,Draenei,1,85,7970,terokkar/81/78290257-avatar.jpg,True Friends,DASAUTO
Par√°dox,Shattered Halls,Retaliation,Warrior,Human,1,90,4265,shattered-halls/55/29926967-avatar.jpg,Reck and Dismantle,Wtb sustain
Darkelky,Shattered Halls,Retaliation,Hunter,Night Elf,1,90,10730,shattered-halls/195/25252035-avatar.jpg,Fighting Mongooses,Wtb sustain
Moonblue,Shattered Halls,Retaliation,Druid,Night Elf,1,90,13340,shattered-halls/225/34040545-avatar.jpg,Fighting Mongooses,Wtb sustain
Zivarik,Shattered Halls,Retaliation,Warrior,Human,0,90,8595,shattered-halls/1/31008513-avatar.jpg,Reck and Dismantle,Wtb sustain
Edito,Ghostlands,Retaliation,Druid,Tauren,0,90,11075,ghostlands/65/22635585-avatar.jpg,Descendants,Whoopin AZZ
Bave,Ghostlands,Retaliation,Warrior,Blood Elf,0,90,5305,ghostlands/53/80931125-avatar.jpg,Descendants,Whoopin AZZ
Shamonn,Ghostlands,Retaliation,Shaman,Orc,0,90,7500,ghostlands/16/13146640-avatar.jpg,Descendants,Whoopin AZZ
Kaylorzqt,Area 52,Retaliation,Paladin,Tauren,1,90,1405,area-52/168/83556520-avatar.jpg,Nidh√∂gg,Bigger Cleave
St√øgian,Blood Furnace,Retaliation,Warrior,Tauren,0,90,7000,blood-furnace/53/65036341-avatar.jpg,Team Zissou,Confusing
Killi,Blood Furnace,Retaliation,Warrior,Orc,0,90,3770,blood-furnace/171/64845227-avatar.jpg,Team Zissou,Confusing
Wyld,Blood Furnace,Retaliation,Shaman,Tauren,0,90,7465,blood-furnace/178/65239986-avatar.jpg,Team Zissou,Confusing
Hoiinks,Blood Furnace,Retaliation,Druid,Tauren,0,90,4600,blood-furnace/82/69120338-avatar.jpg,Team Zissou,Confusing
Vzoo,Blood Furnace,Retaliation,Hunter,Orc,0,90,7465,blood-furnace/252/79894268-avatar.jpg,Team Zissou,Confusing
Therion,Blood Furnace,Retaliation,Warrior,Tauren,0,90,7000,blood-furnace/218/3781338-avatar.jpg,Team Zissou,Confusing
Nomoo,Blood Furnace,Retaliation,Druid,Tauren,1,90,7465,blood-furnace/168/65243816-avatar.jpg,Team Zissou,Confusing
B√πrt,Coilfang,Retaliation,Mage,Forsaken,0,90,4265,coilfang/70/82662726-avatar.jpg,Club Ensifer,Hello From Zimbabwe
Superslicer,Coilfang,Retaliation,Warrior,Pandaren,1,90,2800,coilfang/211/82627539-avatar.jpg,Internet Friends,Hello From Zimbabwe
Ziiba,Coilfang,Retaliation,Druid,Tauren,1,90,8160,coilfang/217/82658009-avatar.jpg,W A S P,Hello From Zimbabwe
Scattman,Coilfang,Retaliation,Priest,Forsaken,0,90,7340,coilfang/174/66712750-avatar.jpg,Internet Friends,Hello From Zimbabwe
Killb√∫zz,Galakrond,Retaliation,Death Knight,Draenei,0,90,11370,galakrond/79/58036047-avatar.jpg,Redeemers of Azeroth,Peon Ur Stinker
Chopperr,Galakrond,Retaliation,Paladin,Human,0,90,10985,galakrond/195/65247939-avatar.jpg,Redeemers of Azeroth,Peon Ur Stinker
Gilthana,Galakrond,Retaliation,Hunter,Night Elf,0,90,6640,galakrond/155/44818843-avatar.jpg,kings of WoW,Peon Ur Stinker
Gypsytears,Shattered Halls,Retaliation,Warlock,Goblin,0,90,9365,shattered-halls/202/36146890-avatar.jpg,Easily Distracted,life bloomed
Tb√†g,Shattered Halls,Retaliation,Shaman,Orc,0,90,5545,shattered-halls/165/81871781-avatar.jpg,Death Certificate,life bloomed
Ben√¨to,Shattered Halls,Retaliation,Druid,Tauren,0,90,3540,shattered-halls/22/73667862-avatar.jpg,U plus Me Equals Us,life bloomed
Sylvannis,Shattered Halls,Retaliation,Priest,Forsaken,1,90,8710,shattered-halls/122/17128058-avatar.jpg,Easily Distracted,life bloomed
Mahth,Shattered Halls,Retaliation,Death Knight,Tauren,0,90,5895,shattered-halls/82/24544594-avatar.jpg,Easily Distracted,life bloomed
Nob√†lls,Grizzly Hills,Retaliation,Warrior,Human,1,90,4745,grizzly-hills/108/65195372-avatar.jpg,Troll,Perfection
Lazereye,Grizzly Hills,Retaliation,Paladin,Human,0,90,4130,grizzly-hills/159/66329247-avatar.jpg,Troll,Perfection
Hwan,Grizzly Hills,Retaliation,Paladin,Human,0,90,4125,grizzly-hills/43/65600811-avatar.jpg,Troll,Perfection
N√¨kkisixx,Grizzly Hills,Retaliation,Warlock,Human,1,90,4745,grizzly-hills/153/66846873-avatar.jpg,Troll,Perfection
Kandiferous,Grizzly Hills,Retaliation,Druid,Night Elf,1,87,3440,grizzly-hills/173/66329517-avatar.jpg,Troll,Perfection
Cludge,Arthas,Ruin,Warrior,Orc,0,90,2560,arthas/234/106100458-avatar.jpg,Flip the Switch Gaming,lawl globaled
Azealiabanks,Arthas,Ruin,Hunter,Tauren,1,90,7190,arthas/194/106497474-avatar.jpg,Azealiabanks Fan Club,lawl globaled
Declaration,Arthas,Ruin,Paladin,Blood Elf,1,90,4030,arthas/196/106158788-avatar.jpg,Flip the Switch Gaming,lawl globaled
Decal,Arthas,Ruin,Rogue,Forsaken,0,90,5460,arthas/3/106075395-avatar.jpg,Flip the Switch Gaming,lawl globaled
S√©phyre,Zul'jin,Ruin,Hunter,Human,0,90,9150,zuljin/116/99242356-avatar.jpg,Infusion,Hope they DC
Vendie,Zul'jin,Ruin,Warrior,Human,1,90,9180,zuljin/98/106660962-avatar.jpg,Gardiens du Lys,Hope they DC
Cocorica,Zul'jin,Ruin,Druid,Worgen,0,90,5940,zuljin/65/100593729-avatar.jpg,Infusion,Hope they DC
√?fl√≠zzl√®,Shattered Hand,Ruin,Druid,Tauren,0,90,13360,shattered-hand/176/59797936-avatar.jpg,Enmity,dam gurl u look shadowy
Dryarik,Shattered Hand,Ruin,Warlock,Forsaken,1,90,6785,shattered-hand/221/61470173-avatar.jpg,Meifumado,dam gurl u look shadowy
Encrypt,Shattered Hand,Ruin,Priest,Forsaken,0,90,6990,shattered-hand/153/59696793-avatar.jpg,Meifumado,dam gurl u look shadowy
Oneblood,Shattered Hand,Ruin,Hunter,Orc,0,90,10250,shattered-hand/21/99058709-avatar.jpg,Evade,dam gurl u look shadowy
Fwh,Magtheridon,Ruin,Warlock,Forsaken,1,90,8115,magtheridon/20/98396436-avatar.jpg,WHATEVER WERE AWESOME,step into my office
Tuggett,Magtheridon,Ruin,Warrior,Orc,0,90,7785,magtheridon/196/99034308-avatar.jpg,WHATEVER WERE AWESOME,step into my office
Slapchops,Magtheridon,Ruin,Shaman,Orc,0,90,12540,magtheridon/255/96425983-avatar.jpg,WHATEVER WERE AWESOME,step into my office
Brooks,Magtheridon,Ruin,Paladin,Blood Elf,1,90,12540,magtheridon/16/93936912-avatar.jpg,WHATEVER WERE AWESOME,step into my office
Rerun,Magtheridon,Ruin,Monk,Orc,1,90,11165,magtheridon/121/107388025-avatar.jpg,WHATEVER WERE AWESOME,step into my office
Ghost,Magtheridon,Ruin,Priest,Forsaken,1,90,7800,magtheridon/162/85685922-avatar.jpg,WHATEVER WERE AWESOME,step into my office
Bigfat,Bleeding Hollow,Ruin,Hunter,Human,0,90,6310,bleeding-hollow/142/103326094-avatar.jpg,Vindictive,Period Blood Milkshakes
Clamped,Bleeding Hollow,Ruin,Warrior,Human,1,90,7210,bleeding-hollow/220/103314652-avatar.jpg,Made You Look,Period Blood Milkshakes
Prodigy,Bleeding Hollow,Ruin,Paladin,Human,1,90,5015,bleeding-hollow/208/107792848-avatar.jpg,Gator Boots Gucci Suits,Period Blood Milkshakes
Omnimetus,Bleeding Hollow,Ruin,Warlock,Forsaken,0,90,8655,bleeding-hollow/169/81463209-avatar.jpg,WeeR,Put In Work
Fluffysteel,Bleeding Hollow,Ruin,Druid,Troll,0,90,8935,bleeding-hollow/174/84601262-avatar.jpg,WeeR,Put In Work
Vill√≠th,Bleeding Hollow,Ruin,Warrior,Orc,1,90,4355,bleeding-hollow/21/108166677-avatar.jpg,Call For A Good Time,Put In Work
Trilligy,Bleeding Hollow,Ruin,Mage,Forsaken,1,90,11720,bleeding-hollow/206/80907470-avatar.jpg,Symbolic,Put In Work
Keyoke,Azgalor,Ruin,Shaman,Orc,0,90,5265,azgalor/212/13161172-avatar.jpg,Divine Existence,Rawr I has a fierce
Dualshock,Arthas,Ruin,Warrior,Human,1,90,7870,arthas/15/94552591-avatar.jpg,WHOLESOME GUYS,rack city
Ashrah,Arthas,Ruin,Rogue,Human,1,90,11765,arthas/207/6798799-avatar.jpg,WHOLESOME GUYS,rack city
Poke,Arthas,Ruin,Druid,Night Elf,1,90,6870,arthas/205/95055821-avatar.jpg,WHOLESOME GUYS,rack city
Douwntkarate,Arthas,Ruin,Hunter,Human,1,90,3275,arthas/253/106943229-avatar.jpg,WHOLESOME GUYS,rack city
Lucalol,Arthas,Ruin,Monk,Human,0,90,8620,arthas/182/107538614-avatar.jpg,WHOLESOME GUYS,rack city
Carmen,Bleeding Hollow,Ruin,Paladin,Blood Elf,1,90,6750,bleeding-hollow/30/104533022-avatar.jpg,WeeR,Kony african cleave
Veseru,Trollbane,Ruin,Priest,Human,1,90,6110,trollbane/76/101961036-avatar.jpg,Berserker,berserk
Facadez,Sargeras,Shadowburn,Priest,Human,0,90,5745,sargeras/112/83521392-avatar.jpg,Duelist Gaming,Sapnoob sniping
Bigwangfatty,Sargeras,Shadowburn,Mage,Human,0,90,10285,sargeras/160/87054240-avatar.jpg,Duelist Gaming,Sapnoob sniping
Riachu,Sargeras,Shadowburn,Shaman,Dwarf,0,90,7675,sargeras/142/89495694-avatar.jpg,Duelist Gaming,Sapnoob sniping
Ojpayne,Sargeras,Shadowburn,Hunter,Human,1,90,6290,sargeras/76/78264908-avatar.jpg,Subvert,cleave u down
Vexnaught,Sargeras,Shadowburn,Paladin,Human,0,90,6160,sargeras/142/78924430-avatar.jpg,OH YEA ID CAP THAT,cleave u down
Seyon,Sargeras,Shadowburn,Warrior,Human,0,90,6805,sargeras/83/78684499-avatar.jpg,We Tamed You,cleave u down
Getdiseasez,Sargeras,Shadowburn,Death Knight,Human,0,90,7245,sargeras/140/79264908-avatar.jpg,Subvert,cleave u down
Sceli,Sargeras,Shadowburn,Druid,Night Elf,1,90,8870,sargeras/33/92510497-avatar.jpg,hold onto your butts,nemo hoes
Desy,Sargeras,Shadowburn,Priest,Human,1,90,7655,sargeras/115/86619507-avatar.jpg,hold onto your butts,nemo hoes
Evilhermoine,Sargeras,Shadowburn,Hunter,Human,1,90,5495,sargeras/223/89391327-avatar.jpg,hold onto your butts,nemo hoes
Lunchz,Sargeras,Shadowburn,Death Knight,Human,1,90,12790,sargeras/102/89782118-avatar.jpg,hold onto your butts,nemo hoes
Qtcubadin,Sargeras,Shadowburn,Paladin,Human,1,90,8095,sargeras/176/90151344-avatar.jpg,hold onto your butts,nemo hoes
Motivationx,Maelstrom,Shadowburn,Paladin,Human,1,90,7080,maelstrom/147/93045395-avatar.jpg,Phantom Eclipse,Shadow Sux at PVP
Matches,Maelstrom,Shadowburn,Mage,Human,1,90,9565,maelstrom/221/39232733-avatar.jpg,Phantom Eclipse,Shadow Sux at PVP
Ilxlolxll,Maelstrom,Shadowburn,Priest,Human,1,90,5275,maelstrom/72/84067656-avatar.jpg,Phantom Eclipse,Shadow Sux at PVP
Killix,Maelstrom,Shadowburn,Warrior,Human,1,90,7080,maelstrom/198/22530758-avatar.jpg,Incredible Miracle,Shadow Sux at PVP
Rhymenoceroz,Moonrunner,Shadowburn,Warrior,Human,0,90,9965,moonrunner/29/89903645-avatar.jpg,Wrong Graveyard,Bro Bro Come At Me Bro
Warnutts,Moonrunner,Shadowburn,Shaman,Draenei,0,90,7070,moonrunner/179/90729139-avatar.jpg,Wrong Graveyard,Bro Bro Come At Me Bro
Ittches,Moonrunner,Shadowburn,Hunter,Human,0,90,3250,moonrunner/182/90136246-avatar.jpg,Wrong Graveyard,Bro Bro Come At Me Bro
Skullss,Moonrunner,Shadowburn,Warlock,Human,0,90,6570,moonrunner/88/65137752-avatar.jpg,Wrong Graveyard,Bro Bro Come At Me Bro
Rustyz,Sargeras,Shadowburn,Mage,Human,1,90,9010,sargeras/101/71611493-avatar.jpg,Aftershock,Passos
Wooki√®√©,Sargeras,Shadowburn,Warrior,Draenei,0,90,7595,sargeras/152/90838424-avatar.jpg,Aftershock,Passos
Hooplydooply,Sargeras,Shadowburn,Priest,Human,1,90,8400,sargeras/69/90101061-avatar.jpg,Aftershock,Passos
Dasjudge,Sargeras,Shadowburn,Druid,Worgen,1,90,6665,sargeras/163/89912995-avatar.jpg,Aftershock,Passos
Sargentos,Baelgun,Shadowburn,Paladin,Tauren,1,90,15015,baelgun/64/87635008-avatar.jpg,Wipes on Trash,Mongo to Hoojtown
Mcpain,Baelgun,Shadowburn,Warrior,Forsaken,0,90,10640,baelgun/3/85466115-avatar.jpg,Bloodlust,Mongo to Hoojtown
Siko,Sargeras,Shadowburn,Rogue,Orc,0,90,4845,sargeras/202/852938-avatar.jpg,Global,WTFNOOB
Blackksiko,Sargeras,Shadowburn,Death Knight,Orc,0,90,4915,sargeras/52/42867764-avatar.jpg,Global,WTFNOOB
Dobael,Sargeras,Shadowburn,Shaman,Orc,0,90,6900,sargeras/116/66239860-avatar.jpg,null,WTFNOOB
Escobar,Sargeras,Shadowburn,Warrior,Orc,1,90,3110,sargeras/154/75895706-avatar.jpg,Orly,WTFNOOB
Puppydruid,Detheroc,Shadowburn,Druid,Worgen,0,90,8020,detheroc/209/80012753-avatar.jpg,NI,all the names are taken
Lunchablez,Detheroc,Shadowburn,Paladin,Human,1,90,5200,detheroc/14/77386254-avatar.jpg,NI,all the names are taken
Tuyen,Detheroc,Shadowburn,Hunter,Human,1,90,4970,detheroc/193/83980993-avatar.jpg,NI,all the names are taken
Truckinx,Detheroc,Shadowburn,Warrior,Human,0,90,6480,detheroc/58/92360762-avatar.jpg,NI,all the names are taken
Revi,Detheroc,Shadowburn,Mage,Human,1,90,15725,detheroc/75/2234955-avatar.jpg,NI,all the names are taken
Truck√≠n,Detheroc,Shadowburn,Priest,Night Elf,1,90,6480,detheroc/208/2624464-avatar.jpg,NI,all the names are taken
Azlend,Emerald Dream,Shadowburn,Druid,Night Elf,0,90,7770,emerald-dream/250/37562874-avatar.jpg,Ashes of the Phoenix,Gingervitis
Kewi,Emerald Dream,Shadowburn,Priest,Night Elf,1,90,9225,emerald-dream/27/83334939-avatar.jpg,Ashes of the Phoenix,Gingervitis
War,Emerald Dream,Shadowburn,Warrior,Night Elf,0,90,11860,emerald-dream/2/69455618-avatar.jpg,Ashes of the Phoenix,Gingervitis
Kiiwii,Emerald Dream,Shadowburn,Priest,Night Elf,0,85,8785,emerald-dream/179/83841971-avatar.jpg,Ashes of the Phoenix,Gingervitis
Wolf,Emerald Dream,Shadowburn,Rogue,Night Elf,0,85,11820,emerald-dream/13/87030285-avatar.jpg,Ashes of the Phoenix,Gingervitis
Bucklucky,Mal'Ganis,Stormstrike,Shaman,Orc,1,90,10095,malganis/192/90051008-avatar.jpg,Reckless Gamers,Betterinacan
Soupinacan,Mal'Ganis,Stormstrike,Druid,Tauren,0,90,8960,malganis/71/90163527-avatar.jpg,Reckless Gamers,Betterinacan
Jaylucky,Mal'Ganis,Stormstrike,Hunter,Forsaken,0,90,8885,malganis/26/88887834-avatar.jpg,Reckless Gamers,Betterinacan
Kaapo,Mal'Ganis,Stormstrike,Warrior,Orc,1,90,9320,malganis/163/85925283-avatar.jpg,Reckless Gamers,Betterinacan
Covlolz,Mal'Ganis,Stormstrike,Warrior,Forsaken,0,90,7685,malganis/215/90970327-avatar.jpg,Blacklist Gaming,Triple Bear Champ Cleav
Specisback,Mal'Ganis,Stormstrike,Priest,Forsaken,0,90,5795,malganis/204/82133708-avatar.jpg,Kapow,Triple Bear Champ Cleav
Unpolished,Mal'Ganis,Stormstrike,Paladin,Blood Elf,0,90,2865,malganis/167/85060775-avatar.jpg,Kapow,Triple Bear Champ Cleav
Nailinpandas,Mal'Ganis,Stormstrike,Shaman,Pandaren,0,90,10150,malganis/139/57511563-avatar.jpg,Defeat,Hey Lets Play Sins
Bootydance,Mal'Ganis,Stormstrike,Warrior,Orc,1,90,7990,malganis/201/91449033-avatar.jpg,Killin n Chillin,Hey Lets Play Sins
Greenduck,Mal'Ganis,Stormstrike,Death Knight,Orc,0,90,7920,malganis/29/85030941-avatar.jpg,Kapow,Hey Lets Play Sins
Cheryes,Mal'Ganis,Stormstrike,Paladin,Blood Elf,1,90,7370,malganis/112/91202416-avatar.jpg,Defeat,Hey Lets Play Sins
Irid,Mal'Ganis,Stormstrike,Mage,Forsaken,0,90,11075,malganis/179/57511603-avatar.jpg,Defeat,Hey Lets Play Sins
Kweeup,Executus,Stormstrike,Priest,Night Elf,1,90,6645,executus/46/35665966-avatar.jpg,Subprime,lets do this mang
√ülindfold,Executus,Stormstrike,Warrior,Human,1,90,8265,executus/50/86027570-avatar.jpg,Subprime,lets do this mang
Dethryl,Executus,Stormstrike,Hunter,Worgen,0,90,10265,executus/218/82506714-avatar.jpg,Subprime,lets do this mang
Droopie,Executus,Stormstrike,Shaman,Pandaren,1,90,7125,executus/167/90059687-avatar.jpg,Subprime,lets do this mang
Daphuuckist,Mal'Ganis,Stormstrike,Shaman,Orc,1,90,5640,malganis/32/88459808-avatar.jpg,null,threesthre
Purplefacetg,Mal'Ganis,Stormstrike,Hunter,Troll,0,90,5745,malganis/132/85617284-avatar.jpg,God Dam Sickos,threesthre
Bizzyizzy,Mal'Ganis,Stormstrike,Warrior,Goblin,0,90,1945,malganis/224/91314656-avatar.jpg,Midnight Special,threesthre
Panerah,Mal'Ganis,Stormstrike,Priest,Goblin,1,90,8230,malganis/62/86648382-avatar.jpg,Fruits and Vegetables,threesthre
Dixontudeep,Mal'Ganis,Stormstrike,Paladin,Blood Elf,1,90,3105,malganis/12/88196108-avatar.jpg,Confederation of Tribes,threesthre
Skrollup,Norgannon,Stormstrike,Hunter,Human,1,90,4355,norgannon/120/90724216-avatar.jpg,Blood Over Peace,nijewggers
Umadbro,Norgannon,Stormstrike,Paladin,Human,1,90,10080,norgannon/183/90284215-avatar.jpg,Blood Over Peace,nijewggers
Skalf,Norgannon,Stormstrike,Warrior,Dwarf,0,90,9755,norgannon/12/51739660-avatar.jpg,Echelon,nijewggers
Goldenshield,Norgannon,Stormstrike,Warrior,Human,1,90,9000,norgannon/211/38293203-avatar.jpg,Lethal Karma,nijewggers
Veets,Executus,Stormstrike,Warrior,Human,1,90,6510,executus/103/92002663-avatar.jpg,The Colbert Report,lol cleave
Duffm√†ster,Executus,Stormstrike,Paladin,Human,0,90,8280,executus/233/90451177-avatar.jpg,The Colbert Report,lol cleave
Ravenbullet,Executus,Stormstrike,Hunter,Human,1,90,10125,executus/166/90699174-avatar.jpg,The Colbert Report,lol cleave
Veetsx,Executus,Stormstrike,Death Knight,Human,1,85,6490,executus/104/90510952-avatar.jpg,null,lol cleave
Veleion,Executus,Stormstrike,Paladin,Human,0,90,10125,executus/59/90451259-avatar.jpg,Disrupt,lol cleave
Br√ºtus,Ysera,Stormstrike,Warrior,Human,0,90,5590,ysera/252/81743612-avatar.jpg,Raging Grace,short bus krew
Evinrude,Ysera,Stormstrike,Druid,Night Elf,0,90,9720,ysera/189/76359101-avatar.jpg,Raging Grace,short bus krew
Evah,Ysera,Stormstrike,Paladin,Human,1,90,9475,ysera/148/81245076-avatar.jpg,Raging Grace,short bus krew
Gand√¢lf,Mal'Ganis,Stormstrike,Druid,Tauren,1,90,7760,malganis/139/88083851-avatar.jpg,Hate,meatyboybutts
Totallyninja,Mal'Ganis,Stormstrike,Mage,Forsaken,0,90,8885,malganis/34/86941218-avatar.jpg,Celestial,meatyboybutts
Chetak,Mal'Ganis,Stormstrike,Death Knight,Orc,0,90,6445,malganis/252/89111036-avatar.jpg,PH√?,meatyboybutts
Baotouwang,Andorhal,Stormstrike,Hunter,Blood Elf,1,90,6345,andorhal/235/91901931-avatar.jpg,Show Me How,Wernoobs
Momoshanpao,Andorhal,Stormstrike,Warrior,Tauren,0,90,11055,andorhal/91/84403547-avatar.jpg,Show Me How,Wernoobs
Soraka,Andorhal,Stormstrike,Paladin,Blood Elf,1,90,13840,andorhal/24/65186584-avatar.jpg,Show Me How,Wernoobs
Oreshek,Andorhal,Stormstrike,Warrior,Orc,0,90,5620,andorhal/216/84687320-avatar.jpg,Show Me How,Wernoobs
Regul√πs,Andorhal,Stormstrike,Rogue,Forsaken,0,90,14680,andorhal/227/53518307-avatar.jpg,Show Me How,Wernoobs
Critlust,Gundrak,Vengeance,Hunter,Human,1,90,7580,gundrak/107/85561963-avatar.jpg,Lipgloss and Lollipops,TO THA TOP
Skittz,Gundrak,Vengeance,Warrior,Night Elf,0,90,6805,gundrak/144/43058832-avatar.jpg,Lipgloss and Lollipops,TO THA TOP
Arilia,Gundrak,Vengeance,Paladin,Human,1,90,6600,gundrak/161/84988577-avatar.jpg,Intentionally Cute,TO THA TOP
Shaun,Korgath,Vengeance,Mage,Human,1,90,8160,korgath/15/91111183-avatar.jpg,Death Count,Im Hungry
Eberle,Korgath,Vengeance,Druid,Night Elf,1,90,7505,korgath/135/79238535-avatar.jpg,Echoes of Time,Im Hungry
Ty,Korgath,Vengeance,Warlock,Human,1,90,10865,korgath/40/91306792-avatar.jpg,Kiss Our Darnassus,Im Hungry
Uf,Korgath,Vengeance,Warrior,Human,0,90,2790,korgath/233/92442089-avatar.jpg,Death Count,Im Hungry
Ar√§gorn,Korgath,Vengeance,Warrior,Human,0,90,6510,korgath/254/53666302-avatar.jpg,Control M√¨d,cant dps as frost
Hixer,Korgath,Vengeance,Paladin,Human,0,90,6725,korgath/13/88089613-avatar.jpg,E X I L E,cant dps as frost
M√∏ssing,Korgath,Vengeance,Mage,Gnome,0,90,3955,korgath/208/91263440-avatar.jpg,Scoops H√§agen Dazs,cant dps as frost
Tazik,Korgath,Vengeance,Mage,Human,1,90,5380,korgath/135/91637895-avatar.jpg,Vis Major,cant dps as frost
Einlhander,Korgath,Vengeance,Paladin,Blood Elf,1,90,8840,korgath/191/16318143-avatar.jpg,Meat Jousters,Bads Being Bad
Badtothebow,Korgath,Vengeance,Hunter,Orc,0,90,4925,korgath/126/77114238-avatar.jpg,Meat Jousters,Bads Being Bad
Quicken,Korgath,Vengeance,Hunter,Orc,0,90,4945,korgath/13/29645325-avatar.jpg,Meat Jousters,Bads Being Bad
Naat,Korgath,Vengeance,Mage,Human,1,90,7505,korgath/100/35777636-avatar.jpg,Echoes of Time,Teamme USA
Rikee,Malorne,Vengeance,Priest,Forsaken,1,90,7855,malorne/8/7362824-avatar.jpg,i wear a cape irl,Team Ice Tea
Ccecil,Malorne,Vengeance,Mage,Forsaken,0,90,7700,malorne/40/90717224-avatar.jpg,i wear a cape irl,Team Ice Tea
Thrudg√©l,Malorne,Vengeance,Druid,Troll,0,90,9775,malorne/166/82943398-avatar.jpg,i wear a cape irl,Team Ice Tea
Czaafum,Malorne,Vengeance,Warlock,Goblin,0,90,17465,malorne/195/1043907-avatar.jpg,Fever,Team Ice Tea
Trogi,Malorne,Vengeance,Paladin,Blood Elf,0,90,17840,malorne/104/21441384-avatar.jpg,Fever,Team Ice Tea
Rual,Mug'thol,Vengeance,Mage,Forsaken,0,90,6250,mugthol/179/78821043-avatar.jpg,Crowd Control,HATERS GON HATE
Ruol,Mug'thol,Vengeance,Warrior,Forsaken,0,90,6505,mugthol/203/3244747-avatar.jpg,Crowd Control,HATERS GON HATE
Nomad,Mug'thol,Vengeance,Druid,Tauren,1,90,10630,mugthol/250/77076218-avatar.jpg,Crowd Control,HATERS GON HATE
Shponglez,Mug'thol,Vengeance,Warlock,Goblin,0,85,6225,mugthol/39/61341479-avatar.jpg,The Unforgiven Few,HATERS GON HATE
Shpongler,Mug'thol,Vengeance,Death Knight,Goblin,0,85,6250,mugthol/115/38131827-avatar.jpg,The Unforgiven Few,HATERS GON HATE
Ustall,Korgath,Vengeance,Hunter,Human,0,90,9280,korgath/139/87031179-avatar.jpg,The Exiles,KC with priest lolwtfxo
Owndemis√®,Korgath,Vengeance,Paladin,Human,0,90,6415,korgath/136/83623304-avatar.jpg,The Exiles,KC with priest lolwtfxo
Namix,Korgath,Vengeance,Priest,Troll,1,90,16450,korgath/103/47129703-avatar.jpg,Nightwatch,Exception
Sathriel,Korgath,Vengeance,Death Knight,Forsaken,0,90,12420,korgath/254/50765310-avatar.jpg,Nightwatch,Exception
Express,Korgath,Vengeance,Monk,Pandaren,0,90,12750,korgath/179/92013235-avatar.jpg,Nightwatch,Exception
Sickbear,Korgath,Vengeance,Death Knight,Human,0,90,10865,korgath/78/88877390-avatar.jpg,The Grayside Gang,Raid hit capped
Oilcanboyd,Korgath,Vengeance,Paladin,Human,0,90,10050,korgath/58/85650746-avatar.jpg,The Grayside Gang,Raid hit capped
Reckzilla,Korgath,Vengeance,Warrior,Human,1,90,11545,korgath/231/90864103-avatar.jpg,The Grayside Gang,Raid hit capped
Balthieri,Korgath,Vengeance,Paladin,Human,0,90,10555,korgath/234/90484202-avatar.jpg,The Grayside Gang,Raid hit capped
Tikilox,Eredar,Vindication,Mage,Forsaken,0,90,7935,eredar/63/84037439-avatar.jpg,TEAM BRING IT,itll work bro
Vt,Eredar,Vindication,Priest,Forsaken,0,90,4800,eredar/3/85631235-avatar.jpg,TEAM BRING IT,itll work bro
Trendzx,Eredar,Vindication,Warlock,Forsaken,1,90,9050,eredar/113/90667633-avatar.jpg,TEAM BRING IT,itll work bro
Abdou,Burning Blade,Vindication,Hunter,Orc,1,90,8825,burning-blade/28/69874972-avatar.jpg,rival city,Doesnt Matter lol
Deotwo,Burning Blade,Vindication,Warrior,Orc,0,90,10935,burning-blade/199/80604871-avatar.jpg,rival city,Doesnt Matter lol
Shamantics,Burning Blade,Vindication,Shaman,Tauren,0,90,6975,burning-blade/1/63012865-avatar.jpg,rival city,Doesnt Matter lol
Aratwo,Burning Blade,Vindication,Druid,Tauren,0,85,9740,burning-blade/124/80604796-avatar.jpg,rival city,Doesnt Matter lol
Djcumblaster,Eonar,Vindication,Warlock,Human,1,90,9010,eonar/143/82285967-avatar.jpg,Infallible,Snucklebutz
Cyprix,Eonar,Vindication,Shaman,Pandaren,1,90,9935,eonar/70/83788358-avatar.jpg,Infallible,Snucklebutz
Snickulfritz,Eonar,Vindication,Mage,Human,0,90,8270,eonar/216/81749976-avatar.jpg,Infallible,Snucklebutz
Bankiwinks,Kargath,Vindication,Priest,Human,1,90,5930,kargath/182/83056566-avatar.jpg,Old School Kargath,AGnomeWithBodyguardss
Lemmiblinks,Kargath,Vindication,Mage,Human,0,90,5920,kargath/92/79623516-avatar.jpg,Old School Kargath,AGnomeWithBodyguardss
Recked,Laughing Skull,Vindication,Hunter,Human,1,90,7565,laughing-skull/235/40850155-avatar.jpg,DANANANANANANANANABATMAN,BURGERSFORTHEBOYS
Wasup,Laughing Skull,Vindication,Paladin,Human,1,90,6140,laughing-skull/116/28639860-avatar.jpg,DANANANANANANANANABATMAN,BURGERSFORTHEBOYS
Missyouu,Laughing Skull,Vindication,Rogue,Human,1,90,5600,laughing-skull/166/29840806-avatar.jpg,PALS FOR LIFE,BURGERSFORTHEBOYS
Kodias,Laughing Skull,Vindication,Death Knight,Human,0,90,9625,laughing-skull/102/36227174-avatar.jpg,Shadowed Legion,BURGERSFORTHEBOYS
Kausteckz,Eredar,Vindication,Hunter,Orc,0,90,12580,eredar/141/84431245-avatar.jpg,TEAM BRING IT,afasf
Jollyrogerr,Eredar,Vindication,Warrior,Forsaken,0,90,7840,eredar/167/10374567-avatar.jpg,TEAM BRING IT,afasf
Spires,Eredar,Vindication,Paladin,Blood Elf,0,90,6975,eredar/198/84744902-avatar.jpg,TEAM BRING IT,afasf
Obsessed,Aggramar,Vindication,Priest,Tauren,0,90,7810,aggramar/62/87616574-avatar.jpg,Ruthless Intervention,GET BENT NERD
Talvar,Aggramar,Vindication,Paladin,Tauren,0,90,10280,aggramar/75/87491403-avatar.jpg,Ruthless Intervention,GET BENT NERD
Darkrachet,Aggramar,Vindication,Death Knight,Forsaken,0,90,9575,aggramar/70/87490374-avatar.jpg,Ruthless Intervention,GET BENT NERD
Quazzimotto,Aggramar,Vindication,Warrior,Orc,0,90,7670,aggramar/237/90410733-avatar.jpg,Ruthless Intervention,GET BENT NERD
Nerio,Aggramar,Vindication,Rogue,Forsaken,0,85,4740,aggramar/209/87983825-avatar.jpg,Back in Business,GET BENT NERD
Priceless,Burning Blade,Vindication,Warrior,Pandaren,0,90,16015,burning-blade/44/83911980-avatar.jpg,Unholy Trinity,Derpina Derp And Grant
Shafer,Burning Blade,Vindication,Druid,Tauren,0,90,8295,burning-blade/245/90678517-avatar.jpg,Unholy Trinity,Derpina Derp And Grant
Xiphas,Burning Blade,Vindication,Mage,Forsaken,0,90,10710,burning-blade/70/90209862-avatar.jpg,Unholy Trinity,Derpina Derp And Grant
Drzarict,Burning Blade,Vindication,Death Knight,Orc,0,90,13840,burning-blade/200/86083784-avatar.jpg,Unholy Trinity,Derpina Derp And Grant
Misstroubles,Burning Blade,Vindication,Priest,Blood Elf,1,90,12275,burning-blade/68/82483524-avatar.jpg,Unholy Trinity,Derpina Derp And Grant
Drama,Burning Blade,Vindication,Paladin,Blood Elf,1,85,16015,burning-blade/148/82470036-avatar.jpg,Unholy Trinity,Derpina Derp And Grant
Spliit,Burning Legion,Vindication,Priest,Forsaken,0,90,5760,burning-legion/62/53441342-avatar.jpg,Imma Let You Finish,more dots more dots
Etimus,Drakkari,Vindication,Paladin,Blood Elf,1,90,3950,drakkari/180/78022580-avatar.jpg,Your Drakkari Legends,nature power
Speedzto,Drakkari,Vindication,Priest,Forsaken,1,90,10400,drakkari/103/68541031-avatar.jpg,Monsters,nature power
Pr√Æme,Drakkari,Vindication,Shaman,Pandaren,0,90,4965,drakkari/212/72686804-avatar.jpg,NOTHING PERSONAL,nature power
Exix,Drakkari,Vindication,Death Knight,Blood Elf,0,90,4965,drakkari/193/73824449-avatar.jpg,NQQB SQUAD,nature power
Diie,Drakkari,Vindication,Paladin,Blood Elf,0,90,10400,drakkari/152/65666968-avatar.jpg,Monsters,nature power
W√¢nndyxx,Drakkari,Vindication,Priest,Blood Elf,1,85,3290,drakkari/248/79322616-avatar.jpg,null,nature power
Bllitz,Uther,Whirlwind,Druid,Troll,0,90,8680,uther/149/103480213-avatar.jpg,Epically Challenged,SiTDOWN
Pandawatch,Cenarion Circle,Whirlwind,Monk,Pandaren,0,90,9060,cenarion-circle/57/104238649-avatar.jpg,Dominion,Cloud wasnt on
Elgunaz,Cenarion Circle,Whirlwind,Warrior,Orc,0,90,12880,cenarion-circle/122/1868666-avatar.jpg,Dominion,Cloud wasnt on
Ganuv,Cenarion Circle,Whirlwind,Hunter,Troll,0,90,8485,cenarion-circle/49/59155761-avatar.jpg,Dominion,Cloud wasnt on
Rorrim,Cenarion Circle,Whirlwind,Mage,Goblin,0,90,10780,cenarion-circle/44/96599852-avatar.jpg,Dominion,Cloud wasnt on
Delights,Cenarion Circle,Whirlwind,Druid,Tauren,0,90,10095,cenarion-circle/82/103770194-avatar.jpg,Dominion,Cloud wasnt on
Ukzoth,Cenarion Circle,Whirlwind,Shaman,Orc,1,85,6570,cenarion-circle/199/97875655-avatar.jpg,Dominion,Cloud wasnt on
Essus,Uther,Whirlwind,Druid,Night Elf,1,90,3255,uther/97/102833761-avatar.jpg,Sy√±ergy,Whats grinding
Matatan,Uther,Whirlwind,Priest,Human,0,90,6985,uther/93/101940573-avatar.jpg,Aftershock,Whats grinding
Mojitovodka,Uther,Whirlwind,Mage,Human,1,90,6815,uther/42/102623274-avatar.jpg,Sy√±ergy,Whats grinding
Capta√¨nh√≤wdy,Ravenholdt,Whirlwind,Priest,Goblin,0,90,13900,ravenholdt/193/103077057-avatar.jpg,Carrying Ravenholdt,They expect us to die
W√•rchief,Ravenholdt,Whirlwind,Shaman,Orc,0,90,8410,ravenholdt/87/103130199-avatar.jpg,Venom,They expect us to die
Kyukon,Ravenholdt,Whirlwind,Hunter,Blood Elf,0,90,9330,ravenholdt/22/36221974-avatar.jpg,Magnets,They expect us to die
Auvr√©a,Ravenholdt,Whirlwind,Warlock,Goblin,1,90,9855,ravenholdt/212/103166420-avatar.jpg,Carrying Ravenholdt,They expect us to die
Superleo,The Forgotten Coast,Whirlwind,Warrior,Orc,0,90,3115,the-forgotten-coast/7/101544455-avatar.jpg,Rolling Dice,oubaa
Johan,The Forgotten Coast,Whirlwind,Paladin,Blood Elf,0,90,4130,the-forgotten-coast/93/75221853-avatar.jpg,Champions of Conquest,oubaa
Goridedarich,The Forgotten Coast,Whirlwind,Warrior,Tauren,0,90,3470,the-forgotten-coast/138/104892810-avatar.jpg,null,oubaa
Gankst√°,Uther,Whirlwind,Rogue,Forsaken,0,90,12435,uther/47/982319-avatar.jpg,Revenge of the Nerds,Kill Baek
Maggz,Uther,Whirlwind,Death Knight,Orc,1,90,6985,uther/245/81522677-avatar.jpg,Akai Soubi,Kill Baek
Daskreg,Uther,Whirlwind,Hunter,Tauren,0,90,9580,uther/224/395232-avatar.jpg,√Üther,Kill Baek
Jooje,Uther,Whirlwind,Priest,Forsaken,1,90,3240,uther/37/103001893-avatar.jpg,√Üther,Kill Baek
Wobblyteeth,Uther,Whirlwind,Shaman,Troll,0,90,7775,uther/218/99866586-avatar.jpg,Revenge of the Nerds,Kill Baek
Andymak,Uther,Whirlwind,Shaman,Troll,0,90,12625,uther/74/380234-avatar.jpg,√Üther,Kill Baek
Mistymonk,Uther,Whirlwind,Monk,Pandaren,1,90,8375,uther/193/104846017-avatar.jpg,Revenge of the Nerds,Kill Baek
Xarzul,Ravenholdt,Whirlwind,Druid,Troll,1,90,12090,ravenholdt/170/93357738-avatar.jpg,Taint Tyrants,Taint Tyrants
Rajequit,Ravenholdt,Whirlwind,Warrior,Pandaren,0,90,9530,ravenholdt/233/97367529-avatar.jpg,Taint Tyrants,Taint Tyrants
Gobstomper,Ravenholdt,Whirlwind,Death Knight,Goblin,0,90,10660,ravenholdt/246/92704246-avatar.jpg,Taint Tyrants,Taint Tyrants
Allobrah,Darrowmere,Whirlwind,Death Knight,Human,0,90,7880,darrowmere/102/85039974-avatar.jpg,is here to FSU,name name gimmie a name
Manjyna,Darrowmere,Whirlwind,Warrior,Human,0,90,8200,darrowmere/178/101070770-avatar.jpg,is here to FSU,name name gimmie a name
D√πsty,Darrowmere,Whirlwind,Paladin,Human,0,90,12425,darrowmere/128/85142400-avatar.jpg,is here to FSU,name name gimmie a name
Gurz,Blackwater Raiders,Whirlwind,Hunter,Orc,0,90,8740,blackwater-raiders/25/901401-avatar.jpg,Backlash,Cant Hug Every Cat
Barboza,Blackwater Raiders,Whirlwind,Paladin,Blood Elf,0,90,4580,blackwater-raiders/150/104673686-avatar.jpg,Venefica,Cant Hug Every Cat
Reap√´r,Blackwater Raiders,Whirlwind,Warrior,Forsaken,0,90,8455,blackwater-raiders/54/104828726-avatar.jpg,Zero Tolerance,Cant Hug Every Cat
Fiz,Blackwater Raiders,Whirlwind,Shaman,Tauren,0,90,8740,blackwater-raiders/179/76601267-avatar.jpg,Backlash,Cant Hug Every Cat
Icydeadppl,Blackwater Raiders,Whirlwind,Mage,Troll,0,90,10350,blackwater-raiders/255/94036479-avatar.jpg,Backlash,Cant Hug Every Cat
Jacaro,Misha,Whirlwind,Warrior,Human,0,90,4445,misha/81/104149585-avatar.jpg,Synergy,Blonde and Leggy FTW
Oakshore,Misha,Whirlwind,Warlock,Human,0,90,6085,misha/17/37169169-avatar.jpg,Killer Bunnies,Blonde and Leggy FTW
Antagonistic,Misha,Whirlwind,Priest,Human,0,90,12930,misha/31/96096543-avatar.jpg,Kings Guard,Blonde and Leggy FTW
Mil√©ycyrus,Misha,Whirlwind,Shaman,Draenei,1,85,7990,misha/109/61758829-avatar.jpg,High Fashion,Blonde and Leggy FTW
